Login,NOMBRES,PATERNO,MATERNO,userId
user01,BERE,NARANJO,GONZALEZ,1
user02,ALEXIS,CAMPOS,NARANJO,2
user03,SERGIO ALEJANDRO,CAMPOS,HERNANDEZ,3
user04,DIEGO ISMAEL,BERUMEN,CEDILLO,4
user05,AURORA,ESCALANTE,PALAFOX,5
user06,JOYCELENE FABIOLA,ESTRADA,BARBA,6
user07,FRANCISCO,ESTRADA,GOMEZ,7
user08,LEONARDO DANIEL,FARIAS,ROSAS,8
user09,RAMON ANDRES,FIERROS,ROBLES,9
user10,EDGAR ANDRES,FLORES,OLIVARES,10
user11,MARIA FERNANDA,FRANCO,ESQUIVEL,11
user12,ALEJANDRO,GALVAN,MUÑIZ,12
user13,MARTHA ALICIA,GUTIERREZ,ORTIZ,13
user14,JOSAFAT GERARDO,HERNANDEZ,SAUCEDO,14
user15,ROSALIA,JIMENEZ,GONZALEZ,15
user16,LAURA CELENE,JIMENEZ,RIOS,16
user17,ANGELICA,LOPEZ,CORTES,17
user18,CRISTIAN IVAN,LOPEZ,GOMEZ,18
user19,MARLENE GABRIELA,LOPEZ,MEZA,19
user20,ALEJANDRA,MEDINA,IBARRA,20
user21,CONSUELO YURIDIANA THALIA,MEJIA,ALVAREZ,21
user22,JAVIER ADRIAN,MEJIA,ALVAREZ,22
user23,JUAN CARLOS EVARISTO,PEÑA,GUTIERREZ,23
user24,JAZMIN ALEJANDRA,PEREZ,VELEZ,24
user25,GUSTAVO,RAMIREZ,RIVERA,25
user26,CARLOS NIVARDO,RODRIGUEZ,ASCENCIO,26
user27,KARLA JOHANA,ROMERO,LUEVANOS,27
user28,YESSICA YOSELINNE,RUIZ,HERNANDEZ,28
user29,CHRISTIAN EDUARDO,SALAS,SANCHEZ,29
user30,LUIS ROBERTO,SALDAÑA,ESPINOZA,30
user31,ADRIAN,SANCHEZ,ORTIZ,31
user32,EDUARDO YAIR,SUAREZ,HERNANDEZ,32
user33,JUAN FRANCISCO,TABAREZ,GARCIA,33
user34,ZULEICA ELIZABETH,TERAN,TORRES,34
user35,ADRIANA YUNUHEN,VARGAS,AYALA,35
user36,OSCAR URIEL,VELAZQUEZ,ALVAREZ,36
user37,ERICK DE JESUS,CORONA,DIAZ,37
user38,MARIA GUADALUPE,RAMOS,HERNANDEZ,38
user39,JESSICA NOEMI,JIMENEZ,VENTURA,39
user40,FLOR MARGARITA,ROJAS,HERNANDEZ,40
user41,LUIS ANTONIO,ALVARADO,VALENCIA,41
user42,EDGAR IVAN,AGUILAR,PADILLA,42
user43,LUIS ALFONSO,MICHEL,SANCHEZ,43
user44,JOSE CARLOS,SILVA,ROCHA,44
user45,JUDITH,RODRIGUEZ,REYES,45
user46,BRENDA SORAYA,CHAVEZ,GARCIA,46
user47,ALMA ROSA,MARQUEZ,AGUILA,47
